{
  "project_info": {
    "project_number": "688193701845",
    "firebase_url": "https://myfirstdatabase-3cd86.firebaseio.com",
    "project_id": "myfirstdatabase-3cd86",
    "storage_bucket": "myfirstdatabase-3cd86.appspot.com"
  },
  "client": [
    {
      "client_info": {
        "mobilesdk_app_id": "1:688193701845:android:94edd82a28d4bcf6e79f5c",
        "android_client_info": {
          "package_name": "com.example.myfirstdatabase"
        }
      },
      "oauth_client": [
        {
          "client_id": "688193701845-m1a2kq22aubpuu7tcfoo99akhfslqagm.apps.googleusercontent.com",
          "client_type": 1,
          "android_info": {
            "package_name": "com.example.myfirstdatabase",
            "certificate_hash": "de115f14c567e717ec39377a163254ac75831813"
          }
        },
        {
          "client_id": "688193701845-q7lu7vs9nfa2mdsgo0h2bbg2b6bquq7f.apps.googleusercontent.com",
          "client_type": 3
        }
      ],
      "api_key": [
        {
          "current_key": "AIzaSyCITSZ5Tq53uf_25jWSkBQtBz3lN-MUsE8"
        }
      ],
      "services": {
        "appinvite_service": {
          "other_platform_oauth_client": [
            {
              "client_id": "688193701845-q7lu7vs9nfa2mdsgo0h2bbg2b6bquq7f.apps.googleusercontent.com",
              "client_type": 3
            }
          ]
        }
      }
    }
  ],
  "configuration_version": "1"
}